Workbook

Sheet Partes
A3: Materials' estimations
A4: Part code | B4: Part | C4: Material/Model | D4: Quantity | E4: Units | F4: Price | G4: Cost/unit | H4: Total cost/ bus stop
A5: 1 | B5: Case | C5: HDPE | D5: 0,2 m^2 | E5: 1 | F5: 60 €/m^2 | G5: =60*0.2 -> 12 | H5: =G5*E5 -> 12
A6: 2 | B6: Transparent frontside | C6: PC | D6: 0,1 m^2 | E6: 1 | F6: 50 €/m^2 | G6: =50*0.1 -> 5 | H6: =G6*E6 -> 5
A7: 3 | B7: Information paper | C7: Coated paper 200 g/m^2 | D7: 0,1 m^2 | E7: 1 | F7: 7 €/m^2 | G7: =7*0.1 -> 0.7 | H7: =G7*E7 -> 0.7
A8: 4 | B8: Screen | C8: Bar screen led | D8: 8 cm*40 cm | E8: 1 | F8: 200 €/unit | G8: 200 | H8: 200
A9: 5 | B9: Motherboard | C9: Raspberry Pi/ ESP32 | D9: 1 | E9: 1 | F9: 30 | G9: 30 | H9: =G9*E9 -> 30
A10: 6 | B10: Solar panel | C10: Coolwell for Raspberry | D10: 1 | E10: 1 | F10: 20 | G10: 20 | H10: =G10*E10 -> 20
A11: 7 | B11: Battery | C11: 18650 Li-Ion | D11: 2 cells | E11: 1 | F11: 6€/cell | G11: =6*2 -> 12 | H11: =G11*E11 -> 12
A12: 8 | B12: Power supply conector | C12: 5 V y 2/3 A | D12: 1 | E12: 1 | F12: 10€/unit | G12: 10 | H12: =G12*E12 -> 10
A13: 9 | B13: Cables and other conectors | C13: - | D13: - | E13: - | F13: - | G13: - | H13: 10
A14: 10 | B14: PCB (comprobations) | C14: - | D14: - | E14: - | F14: - | G14: - | H14: 3
A15: 11 | B15: Screws/fasteners | C15: - | D15: - | E15: - | F15: - | G15: - | H15: 5
A16: 12 | B16: Speaker | C16: 3W | D16: 1 | E16: 1 | F16: 10€/unit | G16: 10 | H16: 10
F17: TOTAL FOR MATERIALS | H17: =SUM(H5:H16) -> 317.7

Sheet Procesos
B3: Process' estimations
B4: (Description) | C4: Level | D4: Sublevel | E4: Operations | F4: Required material | G4: Time (min) | H4: Cost/hour (worker) | I4: Material-related costs | J4: Total costs (1 module per bus stop)
B5: Final assembly | C5: N1 | D5: - | E5: Fastening the finished module to the bus stop | F5: N2.1 | G5: 3 | H5: 18 | J5: =G5/60*H5+I5 -> 0.9
B6: Ubibus Power supply | C6: N2 | D6: 1 | E6: Electrical grid+case connections | F6: N2.2+8 | G6: 3 | H6: 18 | I6: =Partes!H12 -> 10 | J6: =G6/60*H6+I6 -> 10.9
D7: 2 | E7: Solar panel+battery connections | F7: N2.3+N3.1+9 | G7: 3 | H7: 18 | I7: =Partes!H13/2 -> 5 | J7: =G7/60*H7+I7 -> 5.9
D8: 3 | E8: Solar panel fastening | F8: 6+11 | G8: 5 | H8: 18 | I8: =Partes!H10+Partes!H16/2 -> 25 | J8: =G8/60*H8+I8 -> 26.5
B9: Ubibus module creation | C9: N3 | D9: 1 | E9: Case assembling | F9: N3.2+2+11 | G9: 4 | H9: 25 | I9: =Partes!H6+Partes!H16/2 -> 10 | J9: =G9/60*H9+I9 -> 11.666667
D10: 2 | E10: Setting everything in the case | F10: N3.3 + 1 | G10: 1 | H10: 25 | I10: =Partes!H5 -> 12 | J10: =G10/60*H10+I10 -> 12.416667
D11: 3 | E11: Paper+screen assembling | F11: N3.4 + N3.5 | G11: 4 | H11: 25 | J11: =G11/60*H11+I11 -> 1.6666667
D12: 4 | E12: Paper cutting | F12: 3 | G12: 2 | H12: 25 | I12: =Partes!H7 -> 0.7 | J12: =G12/60*H12+I12 -> 1.5333333
D13: 5 | E13: Motherboard+screen+battery+speaker connections | F13: 4+5+7+9+10+12 | G13: 15 | H13: 25 | I13: =Partes!H8+Partes!H9+Partes!H11+Partes!H13/2+Partes!H14+Partes!H16 -> 260 | J13: =G13/60*H13+I13 -> 266.25
G14: =SUM(G5:G13) -> 40 | I14: =SUM(I5:I13) -> 322.7 | J14: =SUM(J5:J13) -> 337.73333

Sheet Timeline
B5: Phases | C5: Phase 1 | I5: Phase 2 | Q5: Phase 3
B6: Description | C6: Final design specification | D6: Functional prototype demonstration and first bus line installation | F6: Data collection | H6: Results and impact analysis | I6: Design improvements | J6: New product version development | L6: More bus lines installation | M6: Complete city coverage | Q6: New results analysis | R6: Creation of more versions of the product, adapted to diferent cities needs | T6: New cities expansion
B7: Time | C7: 1 month | D7: 2 months | F7: 2 months | H7: 1 month | I7: 1 month | J7: 2 months | L7: 1 month | M7: 4 months | Q7: 1 month | R7: 2 months | T7: 3 months
C8: 6 months | I8: 8 months | Q8: 6 months

Sheet Final Estimate
B2: Materiales
B3: Código | C3: Parte | D3: Material/Modelo | E3: Cantidad | F3: Uds | G3: Precio | H3: Precio/ud | I3: Coste/módulo | K3: Premio | L3: 12000
B4: 1 | C4: Póster informativo | D4: Papel cuché impreso 200 g/m^2 | E4: 0,5 m^2 | F4: 1 | G4: 20 €/m^2 | H4: =20*0.5 -> 10 | I4: =H4*F4 -> 10 | K4: Premio Neto | L4: =L3*0.85 -> 10200
B5: 2 | C5: Pantalla | D5: Pantalla LED | E5: 8 cm*40 cm | F5: 1 | G5: 300 €/unidad | H5: 300 | I5: 300 | K5: Coste 10 módulos | L5: =S29*10 -> 4511.25
B6: 3 | C6: Placa base | D6: Raspberry Pi/ ESP32 | E6: 1 | F6: 1 | G6: 30 | H6: 30 | I6: =H6*F6 -> 30 | K6: Sistema ubicación | L6: 2500
B7: 4 | C7: Carcasa | D7: Aluminio | E7: 1 kg | F7: 1 | G7: 5 €/kg | H7: =5*2.5 -> 12.5 | I7: =H7*F7 -> 12.5 | K7: Software/programación | L7: 2000
B8: 5 | C8: Panel transparente protector | D8: PC | E8: 0,1 m^2 | F8: 1 | G8: 50 €/m^2 | H8: =50*0.1 -> 5 | I8: =H8*F8 -> 5 | K8: Resto | L8: =L4-L5-L6-L7 -> 1188.75
B9: 6 | C9: Altavoz | D9: 3W | E9: 1 | F9: 1 | G9: 10€/unit | H9: 10 | I9: 10
B10: 7 | C10: Fuente de alimentación | D10: 5 V y 2/3 A | E10: 1 | F10: 1 | G10: 10€/unit | H10: 10 | I10: =H10*F10 -> 10
B11: 8 | C11: Conectores y accesorios eléctricos | D11: - | E11: - | F11: - | G11: - | H11: - | I11: 15
B12: 9 | C12: Panel solar | D12: Coolwell for Raspberry | E12: 1 | F12: 1 | G12: 20 | H12: 20 | I12: =H12*F12 -> 20
B13: 10 | C13: Batería | D13: 18650 Li-Ion | E13: 2 cells | F13: 1 | G13: 6€/cell | H13: =6*2 -> 12 | I13: =H13*F13 -> 12
B14: 11 | C14: Tornillos/sujeciones | D14: - | E14: - | F14: - | G14: - | H14: - | I14: 10
B15: 12 | C15: Protoboard | D15: - | E15: - | F15: - | G15: - | H15: - | I15: 3
G16: TOTAL MATERIALES | I16: =SUM(I4:I15) -> 437.5
K18: Procesos
K19: (Descripción) | L19: Nivel | M19: Subnivel | N19: Operaciones | O19: Material requirido | P19: Tiempo (min) | Q19: Coste/hora (mano de obra) | R19: Costes del material | S19: Coste/ parada
K20: Ensamblaje final | L20: N1 | M20: - | N20: Colocar y sujetar el módulo completo en la parada | O20: N2.1 | P20: 2 | Q20: 18 | S20: =P20/60*Q20+R20 -> 0.6
K21: Alimentación eléctrica | L21: N2 | M21: 1 | N21: Conectar carcasa a la red | O21: N2.2+7 | P21: 4 | Q21: 18 | R21: =I10 -> 10 | S21: =P21/60*Q21+R21 -> 11.2
M22: 2 | N22: Conectar paneles y carcasa | O22: N2.3+N3.1+8 | P22: 4 | Q22: 18 | R22: =I11 -> 15 | S22: =P22/60*Q22+R22 -> 16.2
M23: 3 | N23: Sujetar paneles solares a parada | O23: 9+11 | P23: 10 | Q23: 18 | R23: =I12+I14/2 -> 25 | S23: =P23/60*Q23+R23 -> 28
K24: Creación del módulo de ubibus | L24: N3 | M24: 1 | N24: Montar carcasa | O24: N3.2+5+11 | P24: 4 | Q24: 25 | R24: =I8+I14/2 -> 10 | S24: =P24/60*Q24+R24 -> 11.666667
M25: 2 | N25: Meter todo en la carcasa | O25: N3.3 + 4 | P25: 1.5 | Q25: 25 | R25: =I7 -> 12.5 | S25: =P25/60*Q25+R25 -> 13.125
M26: 3 | N26: Ensamblar poster + pantalla | O26: N3.4 + N3.5 | P26: 5 | Q26: 25 | S26: =P26/60*Q26+R26 -> 2.0833333
M27: 4 | N27: Recortar poster | O27: 1 | P27: 2 | Q27: 25 | R27: =I4 -> 10 | S27: =P27/60*Q27+R27 -> 10.833333
M28: 5 | N28: Conectar placa base + pantalla + batería + altavoz | O28: 3+2+10+6 | P28: 13 | Q28: 25 | R28: =I6+I5+I13+I9 -> 352 | S28: =P28/60*Q28+R28 -> 357.41667
P29: =SUM(P20:P28) -> 45.5 | R29: =SUM(R20:R28) -> 434.5 | S29: =SUM(S20:S28) -> 451.125
